167,d_basic_pos,1576140142,0
168,d_basic_neg,1576140142,0
169,d_basic_zero,1576140142,0
492,d_basic_i_pos,1576140142,0
493,d_basic_i_neg,1576140142,0
494,d_basic_i_zero,1576140142,0
495,d_basic_i_onlypos,1576140142,0
496,d_basic_i_onlyneg,1576140142,0
497,d_basic_i_onlyzero,1576140142,0
498,d_intmax,1576140142,0
499,d_intmin,1576140142,0
500,d_as_pos,1576140142,0
501,d_as_neg,1576140142,0
502,d_intmax_as,1576140142,0
503,d_width_pos_fits,1576140142,0
504,d_width_neg_fits,1576140142,0
505,d_width_zero_fits,1576140142,0
506,d_width_pos_exactfit,1576140142,0
507,d_width_neg_exactfit,1576140142,0
508,d_width_pos_nofit,1576140142,0
509,d_width_neg_nofit,1576140142,0
510,d_width_pos_fits_lj,1576140142,0
511,d_width_neg_fits_lj,1576140142,0
512,d_width_zero_fits_lj,1576140142,0
513,d_width_pos_exactfit_lj,1576140142,0
514,d_width_neg_exactfit_lj,1576140142,0
515,d_width_pos_nofit_lj,1576140142,0
516,d_width_neg_nofit_lj,1576140142,0
517,d_width_as_pos,1576140142,0
518,d_width_as_zero,1576140142,0
519,d_width_intmax_as,1576140142,0
520,d_prec_fits_pos,1576140142,0
521,d_prec_fits_neg,1576140142,0
522,d_prec_fits_zero,1576140142,0
523,d_prec_exactfit_pos,1576140142,0
524,d_prec_exactfit_neg,1576140142,0
525,d_prec_nofit_pos,1576140142,0
526,d_prec_nofit_neg,1576140142,0
527,d_prec_as_pos,1576140142,0
528,d_prec_as_neg,1576140142,0
529,d_prec_as_pos_nofit,1576140142,0
530,d_zp_pos_fits,1576140142,0
531,d_zp_neg_fits,1576140142,0
532,d_zp_zero_fits,1576140142,0
533,d_zp_pos_exactfit,1576140142,0
534,d_zp_neg_exactfit,1576140142,0
535,d_zp_neg_minus1fit,1576140142,0
536,d_zp_as_fits,1576140142,0
537,d_zp_as_zero,1576140142,0
538,d_prec_width_fit_fit_pos,1576140142,0
539,d_prec_width_fit_fit_neg,1576140142,0
540,d_prec_width_fit_fit_zero,1576140142,0
541,d_prec_width_nofit_fit_pos,1576140142,0
542,d_prec_width_nofit_fit_neg,1576140142,0
543,d_prec_width_fit_nofit_pos,1576140142,0
544,d_prec_width_fit_nofit_neg,1576140142,0
545,d_prec_width_nofit_nofit_pos,1576140142,0
546,d_prec_width_nofit_nofit_neg,1576140142,0
547,d_prec_width_fit_fit_pos_lj,1576140142,0
548,d_prec_width_fit_fit_neg_lj,1576140142,0
549,d_prec_width_fit_fit_zero_lj,1576140142,0
550,d_prec_width_nofit_fit_pos_lj,1576140142,0
551,d_prec_width_nofit_fit_neg_lj,1576140142,0
552,d_prec_width_fit_nofit_pos_lj,1576140142,0
553,d_prec_width_fit_nofit_neg_lj,1576140142,0
554,d_prec_width_nofit_nofit_pos_lj,1576140142,0
555,d_prec_width_nofit_nofit_neg_lj,1576140142,0
556,d_prec_width_fit_fit_pos_as,1576140142,0
557,d_prec_width_fit_fit_neg_as,1576140142,0
558,d_prec_width_fit_fit_zero_as,1576140142,0
559,d_prec_width_nofit_fit_pos_as,1576140142,0
560,d_prec_width_nofit_fit_neg_as,1576140142,0
561,d_prec_width_fit_nofit_pos_as,1576140142,0
562,d_prec_width_fit_nofit_neg_as,1576140142,0
563,d_prec_width_nofit_nofit_pos_as,1576140142,0
564,d_prec_width_nofit_nofit_neg_as,1576140142,0
565,d_prec_width_fit_fit_pos_ljas,1576140142,0
566,d_prec_width_fit_fit_neg_ljas,1576140142,0
567,d_prec_width_fit_fit_zero_ljas,1576140142,0
568,d_prec_width_nofit_fit_pos_ljas,1576140142,0
569,d_prec_width_nofit_fit_neg_ljas,1576140142,0
570,d_prec_width_fit_nofit_pos_ljas,1576140142,0
571,d_prec_width_fit_nofit_neg_ljas,1576140142,0
572,d_prec_width_nofit_nofit_pos_ljas,1576140142,0
573,d_prec_width_nofit_nofit_neg_ljas,1576140142,0
574,d_prec_width_ff_pos_zp,1576140142,0
575,d_prec_width_ff_neg_zp,1576140142,0
576,d_prec_width_ff_zero_zp,1576140142,0
577,d_prec_width_nf_pos_zp,1576140142,0
578,d_prec_width_nf_neg_zp,1576140142,0
579,d_prec_width_fn_pos_zp,1576140142,0
580,d_prec_width_fn_neg_zp,1576140142,0
581,d_prec_width_nn_pos_zp,1576140142,0
582,d_prec_width_nn_neg_zp,1576140142,0
583,d_prec_width_ff_pos_lj_zp_ignoreflag,1576140142,0
584,d_prec_width_ff_neg_ljzp_ignoreflag,1576140142,0
585,d_prec_width_ff_zero_ljzp_ignoreflag,1576140142,0
586,d_prec_width_nf_pos_ljzp_ignoreflag,1576140142,0
587,d_prec_width_nf_neg_ljzp_ignoreflag,1576140142,0
588,d_prec_width_fn_pos_ljzp_ignoreflag,1576140142,0
589,d_prec_width_fn_neg_ljzp_ignoreflag,1576140142,0
590,d_prec_width_nn_pos_ljzp_ignoreflag,1576140142,0
591,d_prec_width_nn_neg_ljzp_ignoreflag,1576140142,0
592,d_prec_width_ff_pos_aszp,1576140142,0
593,d_prec_width_ff_neg_aszp,1576140142,0
594,d_prec_width_ff_zero_aszp,1576140142,0
595,d_prec_width_nf_pos_aszp,1576140142,0
596,d_prec_width_nf_neg_aszp,1576140142,0
597,d_prec_width_fn_pos_aszp,1576140142,0
598,d_prec_width_fn_neg_aszp,1576140142,0
599,d_prec_width_nn_pos_aszp,1576140142,0
600,d_prec_width_nn_neg_aszp,1576140142,0
601,d_prec_width_ff_pos_ljaszp_ignoreflag,1576140142,0
602,d_prec_width_ff_neg_ljaszp_ignoreflag,1576140142,0
603,d_prec_width_ff_zero_ljaszp_ignoreflag,1576140142,0
604,d_prec_width_nf_pos_ljaszp_ignoreflag,1576140142,0
605,d_prec_width_nf_neg_ljaszp_ignoreflag,1576140142,0
606,d_prec_width_fn_pos_ljaszp_ignoreflag,1576140142,0
607,d_prec_width_fn_neg_ljaszp_ignoreflag,1576140142,0
608,d_prec_width_nn_pos_ljaszp_ignoreflag,1576140142,0
609,d_prec_width_nn_neg_ljaszp_ignoreflag,1576140142,0
610,d_size_hh_pos_casted,1576140142,0
611,d_size_hh_neg_casted,1576140142,0
612,d_size_h_pos_casted,1576140142,0
613,d_size_h_neg_casted,1576140142,0
614,d_size_l_pos_casted,1576140142,0
615,d_size_l_neg_casted,1576140142,0
616,d_size_ll_pos_casted,1576140142,0
617,d_size_ll_neg_casted,1576140142,0
618,d_size_hh_pos_ref,1576140142,0
619,d_size_hh_neg_ref,1576140142,0
620,d_size_h_pos_ref,1576140142,0
621,d_size_h_neg_ref,1576140142,0
622,d_size_l_pos_ref,1576140142,0
623,d_size_l_pos_ref_lmax,1576140142,0
624,d_size_ll_pos_ref_llmax,1576140142,0
625,d_size_l_neg_ref,1576140142,0
626,d_size_ll_pos_ref,1576140142,0
627,d_size_ll_neg_ref,1576140142,0
628,d_size_l_pos_big,1576140142,0
629,d_size_l_neg_big,1576140142,0
630,d_size_ll_pos_big,1576140142,0
631,d_size_ll_neg_big,1576140142,0
632,d_llmax,1576140142,0
633,d_llmin,1576140142,0
634,d_lmax,1576140142,0
635,d_lmin,1576140142,0
636,d_hmax,1576140142,0
637,d_hmin,1576140142,0
638,d_hhmax,1576140142,0
639,d_hhmin,1576140142,0
640,d_size_l_pos_big_zp,1576140142,0
641,d_size_l_neg_big_prec,1576140142,0
642,d_size_ll_pos_big_width,1576140142,0
643,d_size_ll_neg_big_lj,1576140142,0
644,d_size_l_pos_big_as,1576140142,0
645,d_size_follows_i_i,1576140142,0
646,d_size_follows_i_l,1576140142,0
647,d_size_follows_i_ll,1576140142,0
648,d_size_follows_i_h,1576140142,0
649,d_size_follows_i_hh,1576140142,0
650,d_size_ll_hh_ll,1576140142,0
651,d_size_h_l_hh,1576140142,0
652,d_size_l_hh_h,1576140142,0
653,d_size_n_ll_hh,1576140142,0
654,d_size_ll_n_l,1576140142,0
655,d_basic_i_pos_sp,1576140142,0
656,d_basic_i_neg_sp,1576140142,0
657,d_basic_i_zero_sp,1576140142,0
658,d_basic_i_onlypos_sp,1576140142,0
659,d_basic_i_onlyneg_sp,1576140142,0
660,d_basic_i_onlyzero_sp,1576140142,0
661,d_basic_i_pos_d_sp,1576140142,0
662,d_basic_i_neg_d_sp,1576140142,0
663,d_basic_i_zero_d_sp,1576140142,0
664,d_intmax_sp,1576140142,0
665,d_intmin_sp,1576140142,0
666,d_assp_pos_ignoreflag,1576140142,0
667,d_assp_neg_ignoreflag,1576140142,0
668,d_intmax_assp_ignoreflag,1576140142,0
669,d_width_pos_fits_sp,1576140142,0
670,d_width_neg_fits_sp,1576140142,0
671,d_width_zero_fits_sp,1576140142,0
672,d_width_pos_exactfit_sp,1576140142,0
673,d_width_neg_exactfit_sp,1576140142,0
674,d_width_pos_nofit_sp,1576140142,0
675,d_width_neg_nofit_sp,1576140142,0
676,d_width_pos_fits_lj_sp,1576140142,0
677,d_width_neg_fits_lj_sp,1576140142,0
678,d_width_zero_fits_lj_sp,1576140142,0
679,d_width_pos_exactfit_lj_sp,1576140142,0
680,d_width_neg_exactfit_lj_sp,1576140142,0
681,d_width_pos_nofit_lj_sp,1576140142,0
682,d_width_neg_nofit_lj_sp,1576140142,0
683,d_width_assp_pos_ignoreflag,1576140142,0
684,d_width_assp_zero_ignoreflag,1576140142,0
685,d_width_intmax_assp_ignoreflag,1576140142,0
686,d_prec_fits_pos_sp,1576140142,0
687,d_prec_fits_neg_sp,1576140142,0
688,d_prec_fits_zero_sp,1576140142,0
689,d_prec_exactfit_pos_sp,1576140142,0
690,d_prec_exactfit_neg_sp,1576140142,0
691,d_prec_nofit_pos_sp,1576140142,0
692,d_prec_nofit_neg_sp,1576140142,0
693,d_prec_assp_pos_ignoreflag,1576140142,0
694,d_prec_assp_neg_ignoreflag,1576140142,0
695,d_prec_assp_pos_nofit_ignoreflag,1576140142,0
696,d_zpsp_pos_fits,1576140142,0
697,d_zpsp_neg_fits,1576140142,0
698,d_zpsp_zero_fits,1576140142,0
699,d_zpsp_pos_exactfit,1576140142,0
700,d_zpsp_neg_exactfit,1576140142,0
701,d_zpsp_neg_minus1fit,1576140142,0
702,d_zpassp_as_fits_ignoreflag,1576140142,0
703,d_zpassp_zero_ignoreflag,1576140142,0
704,d_prec_width_fit_fit_pos_sp,1576140142,0
705,d_prec_width_fit_fit_neg_sp,1576140142,0
706,d_prec_width_fit_fit_zero_sp,1576140142,0
707,d_prec_width_nofit_fit_pos_sp,1576140142,0
708,d_prec_width_nofit_fit_neg_sp,1576140142,0
709,d_prec_width_fit_nofit_pos_sp,1576140142,0
710,d_prec_width_fit_nofit_neg_sp,1576140142,0
711,d_prec_width_nofit_nofit_pos_sp,1576140142,0
712,d_prec_width_nofit_nofit_neg_sp,1576140142,0
713,d_prec_width_fit_fit_pos_lj_sp,1576140142,0
714,d_prec_width_fit_fit_neg_lj_sp,1576140142,0
715,d_prec_width_fit_fit_zero_lj_sp,1576140142,0
716,d_prec_width_nofit_fit_pos_lj_sp,1576140142,0
717,d_prec_width_nofit_fit_neg_lj_sp,1576140142,0
718,d_prec_width_fit_nofit_pos_lj_sp,1576140142,0
719,d_prec_width_fit_nofit_neg_lj_sp,1576140142,0
720,d_prec_width_nofit_nofit_pos_lj_sp,1576140142,0
721,d_prec_width_nofit_nofit_neg_lj_sp,1576140142,0
722,d_prec_width_fit_fit_pos_assp_ignoreflag,1576140142,0
723,d_prec_width_fit_fit_neg_assp_ignoreflag,1576140142,0
724,d_prec_width_fit_fit_zero_assp_ignoreflag,1576140142,0
725,d_prec_width_nofit_fit_pos_assp_ignoreflag,1576140142,0
726,d_prec_width_nofit_fit_neg_assp_ignoreflag,1576140142,0
727,d_prec_width_fit_nofit_pos_assp_ignoreflag,1576140142,0
728,d_prec_width_fit_nofit_neg_assp_ignoreflag,1576140142,0
729,d_prec_width_nofit_nofit_pos_assp_ignoreflag,1576140142,0
730,d_prec_width_nofit_nofit_neg_assp_ignoreflag,1576140142,0
731,d_prec_width_fit_fit_pos_lj_assp_ignoreflag,1576140142,0
732,d_prec_width_fit_fit_neg_lj_assp_ignoreflag,1576140142,0
733,d_prec_width_fit_fit_zero_lj_assp_ignoreflag,1576140142,0
734,d_prec_width_nofit_fit_pos_lj_assp_ignoreflag,1576140142,0
735,d_prec_width_nofit_fit_neg_lj_assp_ignoreflag,1576140142,0
736,d_prec_width_fit_nofit_pos_lj_assp_ignoreflag,1576140142,0
737,d_prec_width_fit_nofit_neg_lj_assp_ignoreflag,1576140142,0
738,d_prec_width_nofit_nofit_pos_lj_assp_ignoreflag,1576140142,0
739,d_prec_width_nofit_nofit_neg_lj_assp_ignoreflag,1576140142,0
740,d_prec_width_ff_pos_zp_sp,1576140142,0
741,d_prec_width_ff_neg_zp_sp,1576140142,0
742,d_prec_width_ff_zero_zp_sp,1576140142,0
743,d_prec_width_nf_pos_zp_sp,1576140142,0
744,d_prec_width_nf_neg_zp_sp,1576140142,0
745,d_prec_width_fn_pos_zp_sp,1576140142,0
746,d_prec_width_fn_neg_zp_sp,1576140142,0
747,d_prec_width_nn_pos_zp_sp,1576140142,0
748,d_prec_width_nn_neg_zp_sp,1576140142,0
749,d_prec_width_ff_pos_ljzpsp_ignoreflag,1576140142,0
750,d_prec_width_ff_neg_ljzpsp_ignoreflag,1576140142,0
751,d_prec_width_ff_zero_ljzpsp_ignoreflag,1576140142,0
752,d_prec_width_nf_pos_ljzpsp_ignoreflag,1576140142,0
753,d_prec_width_nf_neg_ljzpsp_ignoreflag,1576140142,0
754,d_prec_width_fn_pos_ljzpsp_ignoreflag,1576140142,0
755,d_prec_width_fn_neg_ljzpsp_ignoreflag,1576140142,0
756,d_prec_width_nn_pos_ljzpsp_ignoreflag,1576140142,0
757,d_prec_width_nn_neg_ljzpsp_ignoreflag,1576140142,0
758,d_prec_width_ff_pos_aszpsp_ignoreflag,1576140142,0
759,d_prec_width_ff_neg_aszpsp_ignoreflag,1576140142,0
760,d_prec_width_ff_zero_aszpsp_ignoreflag,1576140142,0
761,d_prec_width_nf_pos_aszpsp_ignoreflag,1576140142,0
762,d_prec_width_nf_neg_aszpsp_ignoreflag,1576140142,0
763,d_prec_width_fn_pos_aszpsp_ignoreflag,1576140142,0
764,d_prec_width_fn_neg_aszpsp_ignoreflag,1576140142,0
765,d_prec_width_nn_pos_aszpsp_ignoreflag,1576140142,0
766,d_prec_width_nn_neg_aszpsp_ignoreflag,1576140142,0
767,d_prec_width_ff_pos_ljaszpsp_ignoreflag,1576140142,0
768,d_prec_width_ff_neg_ljaszpsp_ignoreflag,1576140142,0
769,d_prec_width_ff_zero_ljaszpsp_ignoreflag,1576140142,0
770,d_prec_width_nf_pos_ljaszpsp_ignoreflag,1576140142,0
771,d_prec_width_nf_neg_ljaszpsp_ignoreflag,1576140142,0
772,d_prec_width_fn_pos_ljaszpsp_ignoreflag,1576140142,0
773,d_prec_width_fn_neg_ljaszpsp_ignoreflag,1576140142,0
774,d_prec_width_nn_pos_ljaszpsp_ignoreflag,1576140142,0
775,d_prec_width_nn_neg_ljaszpsp_ignoreflag,1576140142,0
776,d_size_hh_pos_casted_sp,1576140142,0
777,d_size_hh_neg_casted_sp,1576140142,0
778,d_size_h_pos_casted_sp,1576140142,0
779,d_size_h_neg_casted_sp,1576140142,0
780,d_size_l_pos_casted_sp,1576140142,0
781,d_size_l_neg_casted_sp,1576140142,0
782,d_size_ll_pos_casted_sp,1576140142,0
783,d_size_ll_neg_casted_sp,1576140142,0
784,d_size_hh_pos_ref_sp,1576140142,0
785,d_size_hh_neg_ref_sp,1576140142,0
786,d_size_h_pos_ref_sp,1576140142,0
787,d_size_h_neg_ref_sp,1576140142,0
788,d_size_l_pos_ref_sp,1576140142,0
789,d_size_l_neg_ref_sp,1576140142,0
790,d_size_ll_pos_ref_sp,1576140142,0
791,d_size_ll_neg_ref_sp,1576140142,0
792,d_size_l_pos_big_sp,1576140142,0
793,d_size_l_neg_big_sp,1576140142,0
794,d_size_ll_pos_big_sp,1576140142,0
795,d_size_ll_neg_big_sp,1576140142,0
796,d_llmax_sp,1576140142,0
797,d_llmin_sp,1576140142,0
798,d_lmax_sp,1576140142,0
799,d_lmin_sp,1576140142,0
800,d_hmax_sp,1576140142,0
801,d_hmin_sp,1576140142,0
802,d_hhmax_sp,1576140142,0
803,d_hhmin_sp,1576140142,0
804,d_prec0val0_basic,1576140142,0
805,d_prec0val0_implicit,1576140142,0
806,d_prec0val0_w,1576140142,0
807,d_prec0val0_w_impl,1576140142,0
808,d_prec0val0_wlj,1576140142,0
809,d_prec0val0_wlj_impl,1576140142,0
810,d_prec0val0_as,1576140142,0
811,d_prec0val0_as_impl,1576140142,0
812,d_prec0val0_was,1576140142,0
813,d_prec0val0_was_impl,1576140142,0
814,d_prec0val0_waslj,1576140142,0
815,d_prec0val0_waslj_impl,1576140142,0
1152,o_basic_octl_pos,1576141047,0
1153,o_basic_octl_zero,1576141047,0
1154,o_basic_octl_onlypos,1576141047,0
1155,o_octlmax,1576141047,0
1156,o_width_pos_fits,1576141047,0
1157,o_width_zero_fits,1576141047,0
1158,o_width_pos_exactfit,1576141047,0
1159,o_width_pos_nofit,1576141047,0
1160,o_width_pos_fits_lj,1576141047,0
1161,o_width_zero_fits_lj,1576141047,0
1162,o_width_pos_exactfit_lj,1576141047,0
1163,o_width_pos_nofit_lj,1576141047,0
1164,o_prec_fits_pos,1576141047,0
1165,o_prec_fits_zero,1576141047,0
1166,o_prec_exactfit_pos,1576141047,0
1167,o_prec_nofit_pos,1576141047,0
1168,o_zp_pos_fits,1576141047,0
1169,o_zp_zero_fits,1576141047,0
1170,o_zp_pos_exactfit,1576141047,0
1171,o_prec_width_fit_fit_pos,1576141047,0
1172,o_prec_width_fit_fit_zero,1576141047,0
1173,o_prec_width_nofit_fit_pos,1576141047,0
1174,o_prec_width_fit_nofit_pos,1576141047,0
1175,o_prec_width_nofit_nofit_pos,1576141047,0
1176,o_prec_width_fit_fit_pos_lj,1576141047,0
1177,o_prec_width_fit_fit_zero_lj,1576141047,0
1178,o_prec_width_nofit_fit_pos_lj,1576141047,0
1179,o_prec_width_fit_nofit_pos_lj,1576141047,0
1180,o_prec_width_nofit_nofit_pos_lj,1576141047,0
1181,o_prec_width_ff_pos_zp,1576141047,0
1182,o_prec_width_ff_zero_zp,1576141047,0
1183,o_prec_width_nf_pos_zp,1576141047,0
1184,o_prec_width_fn_pos_zp,1576141047,0
1185,o_prec_width_nn_pos_zp,1576141047,0
1186,o_prec_width_ff_pos_ljzp_ignoreflag,1576141047,0
1187,o_prec_width_ff_zero_ljzp_ignoreflag,1576141047,0
1188,o_prec_width_nf_pos_ljzp_ignoreflag,1576141047,0
1189,o_prec_width_fn_pos_ljzp_ignoreflag,1576141047,0
1190,o_prec_width_nn_pos_ljzp_ignoreflag,1576141047,0
1191,o_size_hh_pos_casted,1576141047,0
1192,o_size_h_pos_casted,1576141047,0
1193,o_size_l_pos_casted,1576141047,0
1194,o_size_ll_pos_casted,1576141047,0
1195,o_size_hh_pos_ref,1576141047,0
1196,o_size_h_pos_ref,1576141047,0
1197,o_size_l_pos_ref,1576141047,0
1198,o_size_ll_pos_ref,1576141047,0
1199,o_size_l_pos_big,1576141047,0
1200,o_size_ll_pos_big,1576141047,0
1201,o_ullmax,1576141047,0
1202,o_ulmax,1576141047,0
1203,o_uhmax,1576141047,0
1204,o_uhhmax,1576141047,0
1205,o_size_l_pos_big_zp,1576141047,0
1206,o_size_ll_pos_big_width,1576141047,0
1207,o_size_ll_hh_ll,1576141047,0
1208,o_size_h_l_hh,1576141047,0
1209,o_size_l_hh_h,1576141047,0
1210,o_size_n_ll_hh,1576141047,0
1211,o_size_ll_n_l,1576141047,0
1212,o_basic_octl_pos_af,1576141047,0
1213,o_basic_octl_zero_af,1576141047,0
1214,o_basic_octl_onlypos_af,1576141047,0
1215,o_octlmax_af,1576141047,0
1216,o_width_pos_fits_af,1576141047,0
1217,o_width_zero_fits_af,1576141047,0
1218,o_width_pos_exactfit_af,1576141047,0
1219,o_width_pos_nofit_af,1576141047,0
1220,o_width_pos_fits_lj_af,0,1576141047
1221,o_width_zero_fits_lj_af,1576141047,0
1222,o_width_pos_exactfit_lj_af,1576141047,0
1223,o_width_pos_nofit_lj_af,1576141047,0
1224,o_prec_fits_pos_af,0,1576141047
1225,o_prec_fits_zero_af,1576141047,0
1226,o_prec_exactfit_pos_af,1576141047,0
1227,o_prec_nofit_pos_af,1576141047,0
1228,o_zp_pos_fits_af,1576141047,0
1229,o_zp_zero_fits_af,1576141047,0
1230,o_zp_pos_exactfit_af,1576141047,0
1231,o_prec_width_fit_fit_pos_af,0,1576141047
1232,o_prec_width_fit_fit_zero_af,1576141047,0
1233,o_prec_width_nofit_fit_pos_af,1576141047,0
1234,o_prec_width_fit_nofit_pos_af,0,1576141047
1235,o_prec_width_nofit_nofit_pos_af,1576141047,0
1236,o_prec_width_fit_fit_pos_lj_af,1576141047,0
1237,o_prec_width_fit_fit_zero_lj_af,1576141047,0
1238,o_prec_width_nofit_fit_pos_lj_af,0,1576141047
1239,o_prec_width_fit_nofit_pos_lj_af,0,1576141047
1240,o_prec_width_nofit_nofit_pos_lj_af,1576141047,0
1241,o_prec_width_ff_pos_zp_af,0,1576141047
1242,o_prec_width_ff_zero_zp_af,1576141047,0
1243,o_prec_width_nf_pos_zp_af,1576141047,0
1244,o_prec_width_fn_pos_zp_af,0,1576141047
1245,o_prec_width_nn_pos_zp_af,1576141047,0
1246,o_prec_width_ff_pos_ljzpaf_ignoreflag,1576141047,0
1247,o_prec_width_ff_zero_ljzpaf_ignoreflag,1576141047,0
1248,o_prec_width_nf_pos_ljzpaf_ignoreflag,0,1576141047
1249,o_prec_width_fn_pos_ljzpaf_ignoreflag,0,1576141047
1250,o_prec_width_nn_pos_ljzpaf_ignoreflag,1576141047,0
1251,o_size_hh_pos_casted_af,1576141047,0
1252,o_size_h_pos_casted_af,1576141047,0
1253,o_size_l_pos_casted_af,1576141047,0
1254,o_size_ll_pos_casted_af,1576141047,0
1255,o_size_hh_pos_ref_af,1576141047,0
1256,o_size_h_pos_ref_af,1576141047,0
1257,o_size_l_pos_ref_af,1576141047,0
1258,o_size_ll_pos_ref_af,1576141047,0
1259,o_size_l_pos_big_af,1576141047,0
1260,o_size_ll_pos_big_af,1576141047,0
1261,o_ullmax_af,1576141047,0
1262,o_ulmax_af,1576141047,0
1263,o_uhmax_af,1576141047,0
1264,o_uhhmax_af,1576141047,0
1265,o_size_l_pos_big_zp_af,1576141047,0
1266,o_size_ll_pos_big_width_af,1576141047,0
1267,o_size_ll_hh_ll_af,1576141047,0
1268,o_size_h_l_hh_af,1576141047,0
1269,o_size_l_hh_h_af,1576141047,0
1270,o_size_n_ll_hh_af,1576141047,0
1271,o_size_ll_n_l_af,1576141047,0
1272,o_prec0val0_basic,1576141047,0
1273,o_prec0val0_implicit,1576141047,0
1274,o_prec0val0_w,1576141047,0
1275,o_prec0val0_w_impl,1576141047,0
1276,o_prec0val0_wlj,1576141047,0
1277,o_prec0val0_wlj_impl,1576141047,0
1278,o_prec0val0_af,0,1576141047
1279,o_prec0val0_af_impl,0,1576141047
1280,o_prec0val0_waf,0,1576141047
1281,o_prec0val0_waf_impl,0,1576141047
1282,o_prec0val0_waflj,0,1576141047
1283,o_prec0val0_waflj_impl,0,1576141047
1313,f_basic_1,1576141054,0
1314,f_basic_fltonly,1576141054,0
1315,f_basic_whole,1576141054,0
1316,f_basic_negative,1576141054,0
1317,f_basic_positive_3_3,1576141054,0
1318,f_basic_negative_3_3,1576141054,0
1319,f_basic_positive_smallfpart,1576141054,0
1320,f_basic_positive_allsmall,0,1576141054
1321,f_basic_negative_smallfpart,1576141054,0
1322,f_basic_negative_allsmall,0,1576141054
1323,f_basic_limits_allsmall_pos,0,1576141054
1324,f_basic_limits_allsmall_neg,0,1576141054
1325,f_basic_limits_smallfpart_pos,1576141054,0
1326,f_basic_limits_smallfpart_neg,0,1576141054
1327,f_basic_limits_allbig_pos,1576141054,0
1328,f_basic_limits_allbig_neg,1576141054,0
1329,f_basic_limits_bigfpart_pos,0,1576141054
1330,f_basic_limits_bigfpart_neg,0,1576141054
1331,f_rndd_pos,1576141054,0
1332,f_rndd_neg,1576141054,0
1333,f_rndu_pos,0,1576141054
1334,f_rndu_neg,1576141054,0
1335,f_rndu_multidigit_pos,1576141054,0
1336,f_rndu_multidigit_neg,1576141054,0
1337,f_rndd_multidigit_pos,1576141054,0
1338,f_rndd_multidigit_neg,1576141054,0
1339,f_rndd_wholnobump_pos,1576141054,0
1340,f_rndd_wholnobump_neg,1576141054,0
1341,f_rndu_bumpwhole_pos,1576141054,0
1342,f_rndu_bumpwhole_neg,1576141054,0
1343,f_prec0_1,0,1576141054
1344,f_prec0_fltonly,0,1576141054
1345,f_prec0_whole,0,1576141054
1346,f_prec0_negative,0,1576141054
1347,f_prec0_positive_3_3,0,1576141054
1348,f_prec0_negative_3_3,0,1576141054
1349,f_prec0_positive_smallfpart,0,1576141054
1350,f_prec0_positive_allsmall,0,1576141054
1351,f_prec0_negative_smallfpart,0,1576141054
1352,f_prec0_negative_allsmall,0,1576141054
1353,f_prec1_1,1576141054,0
1354,f_prec1_fltonly,1576141054,0
1355,f_prec1_whole,1576141054,0
1356,f_prec1_negative,0,1576141054
1357,f_prec1_positive_3_3,1576141054,0
1358,f_prec1_negative_3_3,1576141054,0
1359,f_prec1_positive_smallfpart,1576141054,0
1360,f_prec1_positive_allsmall,1576141054,0
1361,f_prec1_negative_smallfpart,1576141054,0
1362,f_prec1_negative_allsmall,1576141054,0
1363,f_prec3_1,1576141054,0
1364,f_prec3_fltonly,1576141054,0
1365,f_prec3_whole,1576141054,0
1366,f_prec3_negative,1576141054,0
1367,f_prec3_positive_3_3,0,1576141054
1368,f_prec3_negative_3_3,1576141054,0
1369,f_prec3_positive_smallfpart,1576141054,0
1370,f_prec3_positive_allsmall,1576141054,0
1371,f_prec3_negative_smallfpart,1576141054,0
1372,f_prec3_negative_allsmall,1576141054,0
1373,f_prec7_1,1576141054,0
1374,f_prec7_fltonly,1576141054,0
1375,f_prec7_whole,1576141054,0
1376,f_prec7_negative,1576141054,0
1377,f_prec7_positive_3_3,1576141054,0
1378,f_prec7_negative_3_3,1576141054,0
1379,f_prec7_positive_smallfpart,1576141054,0
1380,f_prec7_positive_allsmall,0,1576141054
1381,f_prec7_negative_smallfpart,1576141054,0
1382,f_prec7_negative_allsmall,0,1576141054
1383,f_prec7_limits_allsmall_pos,0,1576141054
1384,f_prec7_limits_allsmall_neg,0,1576141054
1385,f_prec7_limits_smallfpart_pos,1576141054,0
1386,f_prec7_limits_smallfpart_neg,1576141054,0
1387,f_prec7_limits_allbig_pos,1576141054,0
1388,f_prec7_limits_allbig_neg,1576141054,0
1389,f_prec7_limits_bigfpart_pos,1576141054,0
1390,f_prec7_limits_bigfpart_neg,1576141054,0
1391,f_rnd_prec7_rndd_pos,0,1576141054
1392,f_rnd_prec7_rndd_neg,0,1576141054
1393,f_rnd_prec7_rndu_pos,1576141054,0
1394,f_rnd_prec7_rndu_neg,0,1576141054
1395,f_rnd_prec7_rndu_multidigit_pos,0,1576141054
1396,f_rnd_prec7_rndu_multidigit_neg,0,1576141054
1397,f_rnd_prec7_rndd_multidigit_pos,0,1576141054
1398,f_rnd_prec7_rndd_multidigit_neg,0,1576141054
1399,f_rnd_prec7_rndd_wholnobump_pos,0,1576141054
1400,f_rnd_prec7_rndd_wholnobump_neg,0,1576141054
1401,f_rnd_prec7_rndu_bumpwhole_pos,1576141054,0
1402,f_prec8_1,1576141054,0
1403,f_prec8_fltonly,1576141054,0
1404,f_prec8_whole,1576141054,0
1405,f_prec8_negative,1576141054,0
1406,f_prec8_positive_3_3,1576141054,0
1407,f_prec8_negative_3_3,1576141054,0
1408,f_prec8_positive_smallfpart,1576141054,0
1409,f_prec8_positive_allsmall,1576141054,0
1410,f_prec8_negative_smallfpart,1576141054,0
1411,f_prec8_negative_allsmall,0,1576141054
1412,f_prec8_limits_allsmall_pos,1576141054,0
1413,f_prec8_limits_allsmall_neg,0,1576141054
1414,f_prec8_limits_smallfpart_pos,1576141054,0
1415,f_prec8_limits_smallfpart_neg,1576141054,0
1416,f_prec8_limits_allbig_pos,1576141054,0
1417,f_prec8_limits_allbig_neg,1576141054,0
1418,f_prec8_limits_bigfpart_pos,1576141054,0
1419,f_prec8_limits_bigfpart_neg,1576141054,0
1420,f_rnd_prec8_rndd_pos,1576141054,0
1421,f_rnd_prec8_rndd_neg,1576141054,0
1422,f_rnd_prec8_rndu_pos,1576141054,0
1423,f_rnd_prec8_rndu_neg,1576141054,0
1424,f_rnd_prec8_rndu_multidigit_pos,1576141054,0
1425,f_rnd_prec8_rndu_multidigit_neg,1576141054,0
1426,f_rnd_prec8_rndd_multidigit_pos,0,1576141054
1427,f_rnd_prec8_rndd_multidigit_neg,0,1576141054
1428,f_rnd_prec8_rndd_wholnobump_pos,0,1576141054
1429,f_rnd_prec8_rndd_wholnobump_neg,0,1576141054
1430,f_rnd_prec8_rndu_bumpwhole_pos,1576141054,0
1431,f_stress_prec9_1,1576141054,0
1432,f_stress_prec9_fltonly,1576141054,0
1433,f_stress_prec9_whole,1576141054,0
1434,f_stress_prec9_negative,1576141054,0
1435,f_stress_prec9_positive_3_3,1576141054,0
1436,f_stress_prec9_negative_3_3,1576141054,0
1437,f_stress_prec9_positive_smallfpart,1576141054,0
1438,f_stress_prec9_positive_allsmall,1576141054,0
1439,f_stress_prec9_negative_smallfpart,1576141054,0
1440,f_stress_prec9_negative_allsmall,0,1576141054
1441,f_stress_prec9_limits_allsmall_pos,1576141054,0
1442,f_stress_prec9_limits_allsmall_neg,0,1576141054
1443,f_stress_prec9_limits_smallfpart_pos,1576141054,0
1444,f_stress_prec9_limits_smallfpart_neg,1576141054,0
1445,f_stress_prec9_limits_allbig_pos,1576141054,0
1446,f_stress_prec9_limits_allbig_neg,1576141054,0
1447,f_stress_prec9_limits_bigfpart_pos,1576141054,0
1448,f_stress_prec9_limits_bigfpart_neg,1576141054,0
1449,f_stress_prec9_rndd_pos,0,1576141054
1450,f_stress_prec9_rndd_neg,1576141054,0
1451,f_stress_prec9_rndu_pos,1576141054,0
1452,f_stress_prec9_rndu_neg,1576141054,0
1453,f_stress_prec9_rndu_multidigit_pos,1576141054,0
1454,f_stress_prec9_rndu_multidigit_neg,1576141054,0
1455,f_stress_prec9_rndd_multidigit_pos,1576141054,0
1456,f_stress_prec9_rndd_multidigit_neg,1576141054,0
1457,f_stress_prec9_rndd_wholnobump_pos,1576141054,0
1458,f_stress_prec9_rndd_wholnobump_neg,1576141054,0
1459,f_stress_prec9_rndu_bumpwhole_pos,1576141054,0
1460,f_stress_prec10_1,1576141054,0
1461,f_stress_prec10_fltonly,1576141054,0
1462,f_stress_prec10_whole,1576141054,0
1463,f_stress_prec10_negative,1576141054,0
1464,f_stress_prec10_positive_3_10,1576141054,0
1465,f_stress_prec10_negative_3_10,1576141054,0
1466,f_stress_prec10_pos,1576141054,0
1467,f_stress_prec10_neg,1576141054,0
1468,f_stress_prec10_rndd_pos,1576141054,0
1469,f_stress_prec10_rndd_neg,1576141054,0
1470,f_stress_prec10_rndu_pos,0,1576141054
1471,f_stress_prec10_rndu_neg,0,1576141054
1472,f_stress_prec10_positive_smallfpart,1576141054,0
1473,f_stress_prec10_positive_allsmall,1576141054,0
1474,f_stress_prec10_negative_smallfpart,1576141054,0
1475,f_stress_prec10_negative_allsmall,0,1576141054
1476,f_stress_prec10_limits_allsmall_pos,1576141054,0
1477,f_stress_prec10_limits_allsmall_neg,0,1576141054
1478,f_stress_prec10_limits_smallfpart_pos,1576141054,0
1479,f_stress_prec10_limits_smallfpart_neg,1576141054,0
1480,f_stress_prec10_limits_allbig_pos,0,1576141054
1481,f_stress_prec10_limits_allbig_neg,0,1576141054
1482,f_stress_prec10_limits_bigfpart_pos,0,1576141054
1483,f_stress_prec10_limits_bigfpart_neg,0,1576141054
1484,f_stress_prec11_rndu,0,1576141054
1485,f_stress_prec11_rndd,1576141054,0
1486,f_stress_prec11_limits_tiny,0,1576141054
1487,f_stress_prec11_limits_big,0,1576141054
1488,f_stress_prec12_rndu,0,1576141054
1489,f_stress_prec12_rndd,1576141054,0
1490,f_stress_prec12_limits_tiny,0,1576141054
1491,f_stress_prec12_limits_big,1576141054,0
1492,f_stress_prec13_rndu,0,1576141054
1493,f_stress_prec13_rndd,1576141054,0
1494,f_stress_prec13_limits_tiny,1576141054,0
1495,f_stress_prec13_limits_big,1576141054,0
1496,f_stress_prec14_rndu,0,1576141054
1497,f_stress_prec14_rndd,1576141054,0
1498,f_stress_prec14_limits_tiny,0,1576141054
1499,f_stress_prec14_limits_big,0,1576141054
1500,f_stress_prec15_rndu,1576141054,0
1501,f_stress_prec15_rndd,1576141054,0
1502,f_stress_prec15_limits_tiny,1576141054,0
1503,f_stress_prec15_limits_big,1576141054,0
1504,f_stress_prec16_rndu,0,1576141054
1505,f_stress_prec16_rndd,0,1576141054
1506,f_stress_prec16_limits_tiny,0,1576141054
1507,f_stress_prec16_limits_big,0,1576141054
1508,f_stress_prec17_rndu,1576141054,0
1509,f_stress_prec17_rndd,1576141054,0
1510,f_stress_prec17_limits_tiny,1576141054,0
1511,f_stress_prec17_limits_big,1576141054,0
1512,f_stress_prec18_rndu,0,1576141054
1513,f_stress_prec18_rndd,0,1576141054
1514,f_af_prec0p,0,1576141054
1515,f_af_prec1p,0,1576141054
1516,f_af_prec0n,0,1576141054
1517,f_af_prec1n,0,1576141054
1518,f_as_prec0p_as,0,1576141054
1519,f_as_prec3p_as,1576141054,0
1520,f_as_prec0n_as,0,1576141054
1521,f_as_prec3n_as,1576141054,0
1522,f_wprec0p,0,1576141054
1523,f_wprec1p,0,1576141054
1524,f_wprec3p,1576141054,0
1525,f_wprec6p,1576141054,0
1526,f_wprec0n,0,1576141054
1527,f_wprec1n,0,1576141054
1528,f_wprec3n,1576141054,0
1529,f_wprec6n,1576141054,0
1530,f_wzp_prec0p,0,1576141054
1531,f_wzp_prec1p,0,1576141054
1532,f_wzp_prec3p,1576141054,0
1533,f_wzp_prec6p,1576141054,0
1534,f_wzp_prec0n,0,1576141054
1535,f_wzp_prec1n,0,1576141054
1536,f_wzp_prec3n,1576141054,0
1537,f_wzp_prec6n,1576141054,0
1538,f_wlj_prec0p,0,1576141054
1539,f_wlj_prec1p,0,1576141054
1540,f_wlj_prec3p,1576141054,0
1541,f_wlj_prec6p,1576141054,0
1542,f_wlj_prec0n,0,1576141054
1543,f_wlj_prec1n,0,1576141054
1544,f_wlj_prec3n,1576141054,0
1545,f_wlj_prec6n,1576141054,0
1546,f_wzplj_prec0p_ignoreflag,0,1576141054
1547,f_wzplj_prec1p_ignoreflag,0,1576141054
1548,f_wzplj_prec3p_ignoreflag,1576141054,0
1549,f_wzplj_prec6p_ignoreflag,1576141054,0
1550,f_wzplj_prec0n_ignoreflag,0,1576141054
1551,f_wzplj_prec1n_ignoreflag,0,1576141054
1552,f_wzplj_prec3n_ignoreflag,1576141054,0
1553,f_wzplj_prec6n_ignoreflag,1576141054,0
1554,f_wzpljr_prec0p_ignoreflag,0,1576141054
1555,f_wzpljr_prec1p_ignoreflag,0,1576141054
1556,f_wzpljr_prec3p_ignoreflag,1576141054,0
1557,f_wzpljr_prec6p_ignoreflag,1576141054,0
1558,f_wzpljr_prec0n_ignoreflag,0,1576141054
1559,f_wzpljr_prec1n_ignoreflag,0,1576141054
1560,f_wzpljr_prec3n_ignoreflag,1576141054,0
1561,f_wzpljr_prec6n_ignoreflag,1576141054,0
1562,f_wzpljaf_prec0p,0,1576141054
1563,f_wzpljaf_prec1p,0,1576141054
1564,f_wzpljaf_prec3p,1576141054,0
1565,f_wzpljaf_prec6p,1576141054,0
1566,f_wzpljaf_prec0n,0,1576141054
1567,f_wzpljaf_prec1n,0,1576141054
1568,f_wzpljaf_prec3n,1576141054,0
1569,f_wzpljaf_prec6n,1576141054,0
1570,f_was_prec0p,0,1576141054
1571,f_was_prec1p,0,1576141054
1572,f_was_prec3p,1576141054,0
1573,f_was_prec6p,1576141054,0
1574,f_was_prec0n,0,1576141054
1575,f_was_prec1n,0,1576141054
1576,f_was_prec3n,1576141054,0
1577,f_was_prec6n,1576141054,0
1578,f_wzpas_prec0p,0,1576141054
1579,f_wzpas_prec1p,0,1576141054
1580,f_wzpas_prec3p,1576141054,0
1581,f_wzpas_prec6p,1576141054,0
1582,f_wzpas_prec0n,0,1576141054
1583,f_wzpas_prec1n,0,1576141054
1584,f_wzpas_prec3n,1576141054,0
1585,f_wzpas_prec6n,1576141054,0
1586,f_wljas_prec0p,0,1576141054
1587,f_wljas_prec1p,0,1576141054
1588,f_wljas_prec3p,1576141054,0
1589,f_wljas_prec6p,1576141054,0
1590,f_wljas_prec0n,0,1576141054
1591,f_wljas_prec1n,0,1576141054
1592,f_wljas_prec3n,1576141054,0
1593,f_wljas_prec6n,1576141054,0
1594,f_wzpljas_prec0p_ignoreflag,0,1576141054
1595,f_wzpljas_prec1p_ignoreflag,0,1576141054
1596,f_wzpljas_prec3p_ignoreflag,1576141054,0
1597,f_wzpljas_prec6p_ignoreflag,1576141054,0
1598,f_wzpljas_prec0n_ignoreflag,0,1576141054
1599,f_wzpljas_prec1n_ignoreflag,0,1576141054
1600,f_wzpljas_prec3n_ignoreflag,1576141054,0
1601,f_wzpljas_prec6n_ignoreflag,1576141054,0
1602,f_wzpljras_prec0p,0,1576141054
1603,f_wzpljras_prec1p,0,1576141054
1604,f_wzpljras_prec3p,1576141054,0
1605,f_wzpljras_prec6p,1576141054,0
1606,f_wzpljras_prec0n,0,1576141054
1607,f_wzpljras_prec1n,0,1576141054
1608,f_wzpljras_prec3n,1576141054,0
1609,f_wzpljras_prec6n,1576141054,0
1610,f_wzpljafas_prec0p,0,1576141054
1611,f_wzpljafas_prec1p,0,1576141054
1612,f_wzpljafas_prec3p,1576141054,0
1613,f_wzpljafas_prec6p,1576141054,0
1614,f_wzpljafas_prec0n,0,1576141054
1615,f_wzpljafas_prec1n,0,1576141054
1616,f_wzpljafas_prec3n,1576141054,0
1617,f_wzpljafas_prec6n,1576141054,0
1618,f_wsp_prec0p,0,1576141054
1619,f_wsp_prec1p,0,1576141054
1620,f_wsp_prec3p,1576141054,0
1621,f_wsp_prec6p,1576141054,0
1622,f_wsp_prec0n,0,1576141054
1623,f_wsp_prec1n,0,1576141054
1624,f_wsp_prec3n,1576141054,0
1625,f_wsp_prec6n,1576141054,0
1626,f_wzpsp_prec0p,0,1576141054
1627,f_wzpsp_prec1p,0,1576141054
1628,f_wzpsp_prec3p,1576141054,0
1629,f_wzpsp_prec6p,1576141054,0
1630,f_wzpsp_prec0n,0,1576141054
1631,f_wzpsp_prec1n,0,1576141054
1632,f_wzpsp_prec3n,1576141054,0
1633,f_wzpsp_prec6n,1576141054,0
1634,f_wljsp_prec0p,0,1576141054
1635,f_wljsp_prec1p,0,1576141054
1636,f_wljsp_prec3p,1576141054,0
1637,f_wljsp_prec6p,1576141054,0
1638,f_wljsp_prec0n,0,1576141054
1639,f_wljsp_prec1n,0,1576141054
1640,f_wljsp_prec3n,1576141054,0
1641,f_wljsp_prec6n,1576141054,0
1642,f_wzpljsp_prec0p_ignoreflag,0,1576141054
1643,f_wzpljsp_prec1p_ignoreflag,0,1576141054
1644,f_wzpljsp_prec3p_ignoreflag,1576141054,0
1645,f_wzpljsp_prec6p_ignoreflag,1576141054,0
1646,f_wzpljsp_prec0n_ignoreflag,0,1576141054
1647,f_wzpljsp_prec1n_ignoreflag,0,1576141054
1648,f_wzpljsp_prec3n_ignoreflag,1576141054,0
1649,f_wzpljsp_prec6n_ignoreflag,1576141054,0
1650,f_wzpljrsp_prec0p,0,1576141054
1651,f_wzpljrsp_prec1p,0,1576141054
1652,f_wzpljrsp_prec3p,1576141054,0
1653,f_wzpljrsp_prec6p,1576141054,0
1654,f_wzpljrsp_prec0n,0,1576141054
1655,f_wzpljrsp_prec1n,0,1576141054
1656,f_wzpljrsp_prec3n,1576141054,0
1657,f_wzpljrsp_prec6n,1576141054,0
1658,f_wzpljafsp_prec0p,0,1576141054
1659,f_wzpljafsp_prec1p,0,1576141054
1660,f_wzpljafsp_prec3p,1576141054,0
1661,f_wzpljafsp_prec6p,1576141054,0
1662,f_wzpljafsp_prec0n,0,1576141054
1663,f_wzpljafsp_prec1n,0,1576141054
1664,f_wzpljafsp_prec3n,1576141054,0
1665,f_wzpljafsp_prec6n,1576141054,0
1666,f_assp_prec0p_ignoreflag,0,1576141054
1667,f_assp_prec1p_ignoreflag,0,1576141054
1668,f_assp_prec3p_ignoreflag,1576141054,0
1669,f_assp_prec6p_ignoreflag,1576141054,0
1670,f_assp_prec0n_ignoreflag,0,1576141054
1671,f_assp_prec1n_ignoreflag,0,1576141054
1672,f_assp_prec3n_ignoreflag,1576141054,0
1673,f_assp_prec6n_ignoreflag,1576141054,0
1674,f_asspr_prec0p_ignoreflag,0,1576141054
1675,f_asspr_prec1p_ignoreflag,0,1576141054
1676,f_asspr_prec3p_ignoreflag,1576141054,0
1677,f_asspr_prec6p_ignoreflag,1576141054,0
1678,f_asspr_prec0n_ignoreflag,0,1576141054
1679,f_asspr_prec1n_ignoreflag,0,1576141054
1680,f_asspr_prec3n_ignoreflag,1576141054,0
1681,f_asspr_prec6n_ignoreflag,1576141054,0
1704,f_limits_dblmin_prec0,0,1576141054
1705,f_limits_dblmin_prec3,1576141054,0
1706,f_limits_dblmin_precd,1576141054,0
1707,f_limits_dblmin_prec8,1576141054,0
1708,f_stress_limits_dblmin_prec12,1576141054,0
1709,f_stress_limits_dblmin_prec16,1576141054,0
1710,f_stress_limits_dblmin_prec18,1576141054,0
1711,f_limits_ndblmin_prec0,0,1576141054
1712,f_limits_ndblmin_prec3,1576141054,0
1713,f_limits_ndblmin_precd,1576141054,0
1714,f_limits_ndblmin_prec8,1576141054,0
1715,f_stress_limits_ndblmin_prec12,1576141054,0
1716,f_stress_limits_ndblmin_prec16,1576141054,0
1717,f_stress_limits_ndblmin_prec18,1576141054,0
1758,f_L_basic_1,0,1576141054
1759,f_L_basic_fltonly,0,1576141054
1760,f_L_basic_whole,0,1576141054
1761,f_L_basic_negative,0,1576141054
1762,f_L_basic_positive_3_3,0,1576141054
1763,f_L_basic_negative_3_3,0,1576141054
1764,f_L_basic_positive_smallfpart,0,1576141054
1765,f_L_basic_positive_allsmall,0,1576141054
1766,f_L_basic_negative_smallfpart,0,1576141054
1767,f_L_basic_negative_allsmall,0,1576141054
1768,f_L_basic_limits_allsmall_pos,0,1576141054
1769,f_L_basic_limits_allsmall_neg,0,1576141054
1770,f_L_basic_limits_smallfpart_pos,0,1576141054
1771,f_L_basic_limits_smallfpart_neg,0,1576141054
1772,f_L_basic_limits_allbig_pos,0,1576141054
1773,f_L_basic_limits_allbig_neg,0,1576141054
1774,f_L_basic_limits_bigfpart_pos,0,1576141054
1775,f_L_basic_limits_bigfpart_neg,0,1576141054
1776,f_L_rndd_pos,0,1576141054
1777,f_L_rndd_neg,0,1576141054
1778,f_L_rndu_pos,0,1576141054
1779,f_L_rndu_neg,0,1576141054
1780,f_L_rndu_multidigit_pos,0,1576141054
1781,f_L_rndu_multidigit_neg,0,1576141054
1782,f_L_rndd_multidigit_pos,0,1576141054
1783,f_L_rndd_multidigit_neg,0,1576141054
1784,f_L_rndd_wholnobump_pos,0,1576141054
1785,f_L_rndd_wholnobump_neg,0,1576141054
1786,f_L_rndu_bumpwhole_pos,0,1576141054
1787,f_L_rndu_bumpwhole_neg,0,1576141054
1788,f_L_prec7_1,0,1576141054
1789,f_L_prec7_fltonly,0,1576141054
1790,f_L_prec7_whole,0,1576141054
1791,f_L_prec7_negative,0,1576141054
1792,f_L_prec7_positive_3_3,0,1576141054
1793,f_L_prec7_negative_3_3,0,1576141054
1794,f_L_prec7_positive_smallfpart,0,1576141054
1795,f_L_prec7_positive_allsmall,0,1576141054
1796,f_L_prec7_negative_smallfpart,0,1576141054
1797,f_L_prec7_negative_allsmall,0,1576141054
1798,f_L_prec7_limits_allsmall_pos,0,1576141054
1799,f_L_prec7_limits_allsmall_neg,0,1576141054
1800,f_L_prec7_limits_smallfpart_pos,0,1576141054
1801,f_L_prec7_limits_smallfpart_neg,0,1576141054
1802,f_L_prec7_limits_allbig_pos,0,1576141054
1803,f_L_prec7_limits_allbig_neg,0,1576141054
1804,f_L_prec7_limits_bigfpart_pos,0,1576141054
1805,f_L_prec7_limits_bigfpart_neg,0,1576141054
1806,f_L_rnd_prec7_rndd_pos,0,1576141054
1807,f_L_rnd_prec7_rndd_neg,0,1576141054
1808,f_L_rnd_prec7_rndu_pos,0,1576141054
1809,f_L_rnd_prec7_rndu_neg,0,1576141054
1810,f_L_rnd_prec7_rndu_multidigit_pos,0,1576141054
1811,f_L_rnd_prec7_rndu_multidigit_neg,0,1576141054
1812,f_L_rnd_prec7_rndd_multidigit_pos,0,1576141054
1813,f_L_rnd_prec7_rndd_multidigit_neg,0,1576141054
1814,f_L_rnd_prec7_rndd_wholnobump_pos,0,1576141054
1815,f_L_rnd_prec7_rndd_wholnobump_neg,0,1576141054
1816,f_L_rnd_prec7_rndu_bumpwhole_pos,0,1576141054
1817,f_L_prec8_1,0,1576141054
1818,f_L_prec8_fltonly,0,1576141054
1819,f_L_prec8_whole,0,1576141054
1820,f_L_prec8_negative,0,1576141054
1821,f_L_prec8_positive_3_3,0,1576141054
1822,f_L_prec8_negative_3_3,0,1576141054
1823,f_L_prec8_positive_smallfpart,0,1576141054
1824,f_L_prec8_positive_allsmall,0,1576141054
1825,f_L_prec8_negative_smallfpart,0,1576141054
1826,f_L_prec8_negative_allsmall,0,1576141054
1827,f_L_prec8_limits_allsmall_pos,0,1576141054
1828,f_L_prec8_limits_allsmall_neg,0,1576141054
1829,f_L_prec8_limits_smallfpart_pos,0,1576141054
1830,f_L_prec8_limits_smallfpart_neg,0,1576141054
1831,f_L_prec8_limits_allbig_pos,0,1576141054
1832,f_L_prec8_limits_allbig_neg,0,1576141054
1833,f_L_prec8_limits_bigfpart_pos,0,1576141054
1834,f_L_prec8_limits_bigfpart_neg,0,1576141054
1835,f_L_rnd_prec8_rndd_pos,0,1576141054
1836,f_L_rnd_prec8_rndd_neg,0,1576141054
1837,f_L_rnd_prec8_rndu_pos,0,1576141054
1838,f_L_rnd_prec8_rndu_neg,0,1576141054
1839,f_L_rnd_prec8_rndu_multidigit_pos,0,1576141054
1840,f_L_rnd_prec8_rndu_multidigit_neg,0,1576141054
1841,f_L_rnd_prec8_rndd_multidigit_pos,0,1576141054
1842,f_L_rnd_prec8_rndd_multidigit_neg,0,1576141054
1843,f_L_rnd_prec8_rndd_wholnobump_pos,0,1576141054
1844,f_L_rnd_prec8_rndd_wholnobump_neg,0,1576141054
1845,f_L_rnd_prec8_rndu_bumpwhole_pos,0,1576141054
1846,f_L_prec9_1,0,1576141054
1847,f_L_prec9_fltonly,0,1576141054
1848,f_L_prec9_whole,0,1576141054
1849,f_L_prec9_negative,0,1576141054
1850,f_L_prec9_positive_3_3,0,1576141054
1851,f_L_prec9_negative_3_3,0,1576141054
1852,f_L_prec9_positive_smallfpart,0,1576141054
1853,f_L_prec9_positive_allsmall,0,1576141054
1854,f_L_prec9_negative_smallfpart,0,1576141054
1855,f_L_prec9_negative_allsmall,0,1576141054
1856,f_L_prec9_limits_allsmall_pos,0,1576141054
1857,f_L_prec9_limits_allsmall_neg,0,1576141054
1858,f_L_prec9_limits_smallfpart_pos,0,1576141054
1859,f_L_prec9_limits_smallfpart_neg,0,1576141054
1860,f_L_prec9_limits_allbig_pos,0,1576141054
1861,f_L_prec9_limits_allbig_neg,0,1576141054
1862,f_L_prec9_limits_bigfpart_pos,0,1576141054
1863,f_L_prec9_limits_bigfpart_neg,0,1576141054
1864,f_L_rnd_prec9_rndd_pos,0,1576141054
1865,f_L_rnd_prec9_rndd_neg,0,1576141054
1866,f_L_rnd_prec9_rndu_pos,0,1576141054
1867,f_L_rnd_prec9_rndu_neg,0,1576141054
1868,f_L_rnd_prec9_rndu_multidigit_pos,0,1576141054
1869,f_L_rnd_prec9_rndu_multidigit_neg,0,1576141054
1870,f_L_rnd_prec9_rndd_multidigit_pos,0,1576141054
1871,f_L_rnd_prec9_rndd_multidigit_neg,0,1576141054
1872,f_L_rnd_prec9_rndd_wholnobump_pos,0,1576141054
1873,f_L_rnd_prec9_rndd_wholnobump_neg,0,1576141054
1874,f_L_rnd_prec9_rndu_bumpwhole_pos,0,1576141054
1875,f_L_stress_prec10_1,0,1576141054
1876,f_L_stress_prec10_fltonly,0,1576141054
1877,f_L_stress_prec10_whole,0,1576141054
1878,f_L_stress_prec10_negative,0,1576141054
1879,f_L_stress_prec10_positive_3_10,0,1576141054
1880,f_L_stress_prec10_negative_3_10,0,1576141054
1881,f_L_stress_prec10_pos,0,1576141054
1882,f_L_stress_prec10_neg,0,1576141054
1883,f_L_stress_prec10_rndd_pos,0,1576141054
1884,f_L_stress_prec10_rndd_neg,0,1576141054
1885,f_L_stress_prec10_rndu_pos,0,1576141054
1886,f_L_stress_prec10_rndu_neg,0,1576141054
1887,f_L_stress_prec10_positive_smallfpart,0,1576141054
1888,f_L_stress_prec10_positive_allsmall,0,1576141054
1889,f_L_stress_prec10_negative_smallfpart,0,1576141054
1890,f_L_stress_prec10_negative_allsmall,0,1576141054
1891,f_L_stress_prec10_limits_allsmall_pos,0,1576141054
1892,f_L_stress_prec10_limits_allsmall_neg,0,1576141054
1893,f_L_stress_prec10_limits_smallfpart_pos,0,1576141054
1894,f_L_stress_prec10_limits_smallfpart_neg,0,1576141054
1895,f_L_stress_prec10_limits_allbig_pos,0,1576141054
1896,f_L_stress_prec10_limits_allbig_neg,0,1576141054
1897,f_L_stress_prec10_limits_bigfpart_pos,0,1576141054
1898,f_L_stress_prec10_limits_bigfpart_neg,0,1576141054
1899,f_L_stress_prec12_rndu,0,1576141054
1900,f_L_stress_prec12_rndd,1576141054,0
1901,f_L_stress_prec12_limits_tiny,0,1576141054
1902,f_L_stress_prec12_limits_big,1576141054,0
1903,f_L_stress_prec14_rndu,0,1576141054
1904,f_L_stress_prec14_rndd,1576141054,0
1905,f_L_stress_prec14_limits_tiny,0,1576141054
1906,f_L_stress_prec14_limits_big,1576141054,0
1907,f_L_stress_prec16_rndu,0,1576141054
1908,f_L_stress_prec16_rndd,0,1576141054
1909,f_L_stress_prec16_limits_tiny,0,1576141054
1910,f_L_stress_prec16_limits_big,0,1576141054
1911,f_L_stress_prec17_rndu,1576141054,0
1912,f_L_stress_prec17_rndd,1576141054,0
1913,f_L_stress_prec17_limits_tiny,1576141054,0
1914,f_L_stress_prec17_limits_big,1576141054,0
1915,f_L_stress_prec18_rndu,0,1576141054
1916,f_L_stress_prec18_rndd,0,1576141054
1917,f_L_stress_prec18_limits_tiny,1576141054,0
1918,f_L_stress_prec18_limits_big,1576141054,0
1919,f_L_stress_prec19_rndu,1576141054,0
1920,f_L_stress_prec19_rndd,1576141054,0
1921,f_L_stress_prec19_limits_tiny,0,1576141054
1922,f_L_stress_prec19_limits_big,1576141054,0
1923,f_L_stress_prec20_rndu,0,1576141054
1924,f_L_stress_prec20_rndd,0,1576141054
1925,f_L_stress_prec20_limits_tiny,0,1576141054
1926,f_L_stress_prec20_limits_big,1576141054,0
1989,f_L_limits_dblmin_prec0,0,1576141054
1990,f_L_limits_dblmin_prec3,0,1576141054
1991,f_L_limits_dblmin_precd,0,1576141054
1992,f_L_limits_dblmin_prec8,0,1576141054
1993,f_L_stress_limits_dblmin_prec12,0,1576141054
1994,f_L_stress_limits_dblmin_prec16,0,1576141054
1995,f_L_stress_limits_dblmin_prec18,0,1576141054
1996,f_L_limits_ndblmin_prec0,0,1576141054
1997,f_L_limits_ndblmin_prec3,0,1576141054
1998,f_L_limits_ndblmin_precd,0,1576141054
1999,f_L_limits_ndblmin_prec8,0,1576141054
2000,f_L_stress_limits_ndblmin_prec12,0,1576141054
2001,f_L_stress_limits_ndblmin_prec16,0,1576141054
2002,f_L_stress_limits_ndblmin_prec18,0,1576141054
